university_id,school,subs
764,Other,10272
30,Touro College of Osteopathic Medicine,2015
10,Lake Erie College of Osteopathic Medicine,1691
34,Philadelphia College of Osteopathic Medicine,1465
490,St. George's University School of Medicine,1440
32,Oklahoma State University Center for Health Sciences College of Osteopathic Medicine,1393
203,Wake Forest School of Medicine of Wake Forest Baptist Medical Center,1365
391,Texas Tech University Health Sciences Center School of Medicine,1119
530,Ross University School of Medicine,1041
193,Saint Louis University School of Medicine,1035
51,University of Arkansas for Medical Sciences College of Medicine,834
4,Midwestern University Arizona College of Osteopathic Medicine,796
13,Des Moines University College of Osteopathic Medicine,775
98,Indiana University School of Medicine,759
22,Kansas City University of Medicine and Biosciences College of Osteopathic Medicine,745
8,Western University of Health Sciences College of Osteopathic Medicine of the Pacific,722
440,Washington State University Elson S. Floyd College of Medicine,717
289,University of Puerto Rico School of Medicine,708
228,Albany Medical College,701
2672,New York Medical College,681
267,University of Oklahoma College of Medicine,681
47,University of Alabama at Birmingham Marnix E. Heersink School of Medicine,676
181,Uniformed Services University of the Health Sciences F. Edward Hebert School of Medicine,661
382,University of Tennessee Health Science Center College of Medicine,658
14,Idaho College of Osteopathic Medicine,652
74,Georgetown University School of Medicine,616
286,Ponce School of Medicine,612
9,Rocky Vista University College of Osteopathic Medicine,609
538,American University of Antigua,565
15,Midwestern University Chicago College of Osteopathic Medicine,549
72,Yale School of Medicine,547
43,Edward Via College of Osteopathic Medicine,545
197,University of Mississippi School of Medicine,511
392,The University of Texas Health Science Center at San Antonio Joe R. and Teresa Lozano Long School of Medicine,508
11,Nova Southeastern University Dr. Kiran C. Patel College of Osteopathic Medicine,504
31,Ohio University Heritage College of Osteopathic Medicine,503
474,West Virginia University School of Medicine,480
29,New York Institute of Technology College of Osteopathic Medicine,479
227,"University of Nevada, Reno School of Medicine",476
132,University of Massachusetts T.H. Chan School of Medicine,472
2927,"American University of the Caribbean, School of Medicine",459
195,University of Missouri-Kansas City School of Medicine,447
473,Marshall University Joan C. Edwards School of Medicine,441
386,Baylor College of Medicine,441
97,University of Illinois College of Medicine,434
37,Lincoln Memorial University DeBusk College of Osteopathic Medicine,431
60,Loma Linda University School of Medicine,430
398,University of Utah School of Medicine,426
395,University of Texas Medical Branch School of Medicine,412
128,Tulane University School of Medicine,403
653,Kent State University College of Podiatric Medicine,396
46,West Virginia School of Osteopathic Medicine,392
131,Tufts University School of Medicine,380
439,University of Washington School of Medicine,377
20,Michigan State University College of Osteopathic Medicine,377
58,Kaiser Permanente Bernard J. Tyson School of Medicine,376
281,Sidney Kimmel Medical College at Thomas Jefferson University,367
82,University of Miami Leonard M. Miller School of Medicine,363
389,Texas A&M Health Science Center College of Medicine,359
192,University of Minnesota Medical School,357
275,Drexel University College of Medicine,341
397,University of Texas Southwestern Medical School,327
261,Northeast Ohio Medical University,326
126,Louisiana State University School of Medicine in New Orleans,325
188,Wayne State University School of Medicine,322
17,University of Pikeville Kentucky College of Osteopathic Medicine,317
39,University of North Texas Health Science Center Texas College of Osteopathic Medicine,306
21,A. T. Still University Kirksville College of Osteopathic Medicine,290
202,University of North Carolina at Chapel Hill School of Medicine,288
319,University of South Carolina School of Medicine Columbia,284
42,Rocky Vista University College of Osteopathic Medicine – Southern Utah Campus,278
83,USF Health Morsani College of Medicine,277
288,Universidad Central del Caribe School of Medicine,277
1,Alabama College of Osteopathic Medicine,274
95,Southern Illinois University School of Medicine,272
69,University of Colorado School of Medicine,271
64,"University of California, Irvine, School of Medicine",270
36,Edward Via College of Osteopathic Medicine – Carolinas Campus,268
85,Medical College of Georgia at Augusta University,265
92,Loyola University Chicago Stritch School of Medicine,265
91,Chicago Medical School at Rosalind Franklin University of Medicine & Science,263
24,Campbell University School of Osteopathic Medicine,263
305,University of Queensland School of Medicine,260
239,State University of New York Upstate Medical University,256
19,University of New England College of Osteopathic Medicine,254
380,East Tennessee State University James H. Quillen College of Medicine,254
73,George Washington University School of Medicine and Health Sciences,253
53,University of Arizona College of Medicine,249
262,Ohio State University College of Medicine,249
263,The University of Toledo College of Medicine and Life Sciences,246
318,Medical University of South Carolina College of Medicine,246
277,Lewis Katz School of Medicine at Temple University,236
5,A.T. Still University School of Osteopathic Medicine in Arizona,232
130,Harvard Medical School,232
2,Arkansas College of Osteopathic Medicine,232
234,Jacobs School of Medicine and Biomedical Sciences at the University at Buffalo,226
753,Paracelsus Medizinische Privatuniversität,224
44,Liberty University College of Osteopathic Medicine (LUCOM),223
646,Universidad Autonoma de Guadalajara School of Medicine,219
320,University of South Carolina School of Medicine Greenville,215
387,McGovern Medical School at the University of Texas Health Science Center at Houston,215
26,Burrell College of Osteopathic Medicine at New Mexico State University,212
575,"St George's, University of London",208
433,Virginia Commonwealth University School of Medicine,206
127,Louisiana State University School of Medicine in Shreveport,205
89,University of Iowa Roy J. and Lucille A. Carver College of Medicine,203
23,William Carey University College of Osteopathic Medicine,202
321,"University of South Dakota, Sanford School of Medicine",202
542,Saint James School of Medicine St. Vincent and the Grenadines,197
27,Touro University Nevada College of Osteopathic Medicine,194
84,Emory University School of Medicine,188
2928,Royal College of Surgeons in Ireland,187
3,New York Institute of Technology College of Osteopathic Medicine at Arkansas State University,184
471,Medical College of Wisconsin,183
278,Pennsylvania State University College of Medicine,181
124,University of Kentucky College of Medicine,180
200,Brody School of Medicine at East Carolina University,179
25,Rowan University School of Osteopathic Medicine,178
431,Eastern Virginia Medical School,178
274,Oregon Health & Science University School of Medicine,176
123,University of Kansas School of Medicine,174
185,Michigan State University College of Human Medicine,172
2481,Albert Einstein College of Medicine,172
94,Rush Medical College of Rush University Medical Center,170
224,University of New Mexico School of Medicine,170
78,Florida State University College of Medicine,169
264,University of Cincinnati College of Medicine,169
2786,University of Washington,169
259,Case Western Reserve University School of Medicine,168
222,Rutgers New Jersey Medical School,167
96,University of Chicago Division of the Biological Sciences The Pritzker School of Medicine,164
282,University of Pittsburgh School of Medicine,164
2613,Kent State University,162
472,University of Wisconsin School of Medicine and Public Health,159
40,University of the Incarnate Word School of Osteopathic Medicine,158
18,Edward Via College of Osteopathic Medicine - Louisiana Campus,158
86,Mercer University School of Medicine,155
287,San Juan Bautista School of Medicine,153
194,University of Missouri-Columbia School of Medicine,151
432,University of Virginia School of Medicine,150
438,"Robert Larner, M.D., College of Medicine at the University of Vermont",147
77,Florida International University Herbert Wertheim College of Medicine,142
206,University of Nebraska College of Medicine,140
187,University of Michigan Medical School,140
59,Keck School of Medicine of the University of Southern California,138
75,Howard University College of Medicine,138
67,"University of California, San Diego School of Medicine",138
223,Rutgers Robert Wood Johnson Medical School,135
682,Paracelsus Medical University,135
12,Philadelphia College of Osteopathic Medicine – Georgia Campus,134
57,California University of Science and Medicine-School of Medicine,134
7,Touro University California College of Osteopathic Medicine,133
184,Central Michigan University College of Medicine,133
276,Geisinger Commonwealth School of Medicine,132
204,University of North Dakota School of Medicine and Health Sciences,132
230,Columbia University Vagelos College of Physicians and Surgeons,131
265,Wright State University Boonshoft School of Medicine,131
65,"University of California, Los Angeles David Geffen School of Medicine",131
125,University of Louisville School of Medicine,131
48,University of South Alabama College of Medicine,129
16,Marian University College of Osteopathic Medicine,126
205,Creighton University School of Medicine,125
662,University of Medicine and Health Sciences (UMHS),125
241,Weill Cornell Medicine,124
316,The Warren Alpert Medical School of Brown University,124
180,Johns Hopkins University School of Medicine,123
537,Xavier University School of Medicine,122
68,"University of California, San Francisco, School of Medicine",122
54,University of Arizona College of Medicine - Phoenix,121
6,California Health Sciences University,121
45,Pacific Northwest University of Health Sciences,121
390,Texas Tech University Health Sciences Center Paul L. Foster School of Medicine,118
196,Washington University in St. Louis School of Medicine,114
220,Cooper Medical School of Rowan University,113
79,Nova Southeastern University Dr. Kiran C. Patel College of Allopathic Medicine,111
71,University of Connecticut School of Medicine,110
597,University of Kuwait Faculty of Medicine,105
233,Icahn School of Medicine at Mount Sinai,103
182,University of Maryland School of Medicine,102
33,"College of Osteopathic Medicine of the Pacific, Northwest",101
41,Noorda College of Osteopathic Medicine,101
129,Boston University School of Medicine,100
66,"University of California, Riverside School of Medicine",98
226,Kirk Kerkorian School of Medicine at UNLV,94
63,"University of California, Davis, School of Medicine",92
80,University of Central Florida College of Medicine,92
87,Morehouse School of Medicine,91
219,Geisel School of Medicine at Dartmouth,91
238,State University of New York Downstate Medical Center College of Medicine,91
189,Western Michigan University Homer Stryker M.D. School of Medicine,90
733,Trinity School of Medicine,89
76,Charles E. Schmidt College of Medicine at Florida Atlantic University,88
280,Perelman School of Medicine at the University of Pennsylvania,87
381,Meharry Medical College,86
56,California Northstate University College of Medicine,82
221,Hackensack Meridian School of Medicine,81
396,University of Texas Rio Grande Valley School of Medicine,80
503,All Saints University School of Medicine,80
93,Northwestern University The Feinberg School of Medicine,79
52,Mayo Clinic Alix School of Medicine,79
88,University of Hawaii John A. Burns School of Medicine,78
504,Avalon University School of Medicine,75
61,Stanford University School of Medicine,75
240,University of Rochester School of Medicine and Dentistry,74
62,UCLA/Drew Medical Education Program,74
505,Caribbean Medical University School of Medicine,71
201,Duke University School of Medicine,71
388,TCU School of Medicine,69
81,University of Florida College of Medicine,68
186,Oakland University William Beaumont School of Medicine,67
522,St. Matthew's University School of Medicine,67
232,Donald and Barbara Zucker School of Medicine at Hofstra/Northwell,67
70,Frank H. Netter M.D. School of Medicine at Quinnipiac University,65
394,University of Texas at Austin Dell Medical School,64
235,New York University Grossman School of Medicine,62
499,Universidad Iberoamericana (UNIBE) Escuela de Medicina,55
744,Semmelweis University,55
273,University of Toronto Faculty of Medicine,54
775,Medical University of the Americas Caribbean Medical School,54
594,University College Dublin School of Medicine,51
90,Carle Illinois College of Medicine,50
38,Sam Houston State University College of Osteopathic Medicine,50
231,CUNY School of Medicine,49
556,Imperial College School of Medicine,49
722,University College Cork School of Medicine,47
527,American University of Integrative Sciences,45
383,Vanderbilt University School of Medicine,45
299,McGill University Faculty of Medicine,43
237,Renaissance School of Medicine at Stony Brook University,43
141,ACPM Medical College,42
675,Trinity College Dublin School of Medicine,41
717,Instituto Tecnológico y de Estudios Superiores de Monterrey,40
526,American University of Barbados School of Medicine,38
55,University of British Columbia Faculty of Medicine,35
737,University of Debrecen Medical School,33
595,Charles University First Faculty of Medicine,33
434,Virginia Tech Carilion School of Medicine,33
552,UCLan School of Medicine,32
268,McMaster University Michael G. DeGroote School of Medicine,31
535,Aureus University School of Medicine,30
393,University of Houston College of Medicine,30
1830,University of New South Wales,30
317,University of Saskatchewan College of Medicine,29
214,Sydney Medical School,28
524,Columbus Central University School of Medicine,28
271,Western University Schulich School of Medicine and Dentistry,28
525,Washington University of Health & Science,27
50,University of Calgary Cumming School of Medicine,27
1829,University of New England,27
2666,Nova Southeastern University,27
571,UCL Medical School,26
579,University of Edinburgh Medical School,26
2635,Michigan State University,25
747,Medical University of Warsaw,25
347,Apollo institute of Medical Sciences and Research,24
483,American International School of Medicine,24
755,Aarhus University Faculty of Health,24
270,Queen's University School of Medicine,24
550,University of Buckingham Medical School,24
559,King's College London School of Medicine and Dentistry,24
290,"Adesh Institute of Medical Sciences & Research, Bathinda",23
482,Alexander American University,23
494,Pontificia Universidad Católica Madre y Maestra Departamento de Medicina,23
242,"Acharya Harihar Postgraduate Institute of Cancer, Cuttack",22
534,American University School of Medicine Aruba,22
179,University of Manitoba Max Rady College of Medicine,21
225,Dalhousie University Faculty of Medicine,20
551,"School of Clinical Medicine, University of Cambridge",20
649,National University of Ireland Galway Medical School,20
302,Bond University Faculty of Health Sciences and Medicine,19
610,Medical University of Gdansk,19
620,Yale University Physician Assistant Online Program,19
341,"Sri Ramachandra Medical College and Research Institute, Chennai",19
435,Melbourne Medical School,19
2773,University of California Los Angeles,18
2512,Boston University,17
2750,Tufts University,16
566,Newcastle University Medical School,15
2474,Australian National University,15
565,Manchester Medical School,15
436,"Monash University Faculty of Medicine, Nursing and Health Sciences",15
362,"Kamineni Academy of Medical Sciences, Hyderabad",14
272,University of Ottawa Faculty of Medicine,14
303,Griffith University School of Medicine,14
668,Universidad de los Andes School of Medicine,14
609,University of the Free State School of Clinical Medicine,14
580,Glasgow Medical School,13
351,Deccan College of Medical Sciences,13
546,University of Birmingham Medical School,13
545,Barts and The London School of Medicine and Dentistry,13
2748,Temple University,13
770,Tbilisi State Medical University,13
543,Aston Medical School,13
492,Instituto Tecnológico de Santo Domingo Escuela de Medicina,13
122,"Travancore Medical College Hospital, Kollam",13
2703,Case Western Reserve University,13
730,University of Copenhagen School of Health and Medical Sciences,13
207,All India Institute of Medical Sciences,12
349,Bhaskar Medical College,12
146,"Bharati Vidyapeeth Deemed University Medical College and Hospital, Pune",12
569,Oxford University Medical School,12
507,New York Medical University (NYMU),12
531,University of the West Indies Faculty of Medicine (Cave Hill),12
498,Universidad Central del Este Escuela de Medicina,11
645,University of Jordan School of Medicine,11
773,Lithuanian University of Health Sciences,11
2498,University of California Berkeley,11
216,"University of Notre Dame School of Medicine, Sydney",10
686,Semmelweis University Medicine and Health Sciences,10
3348,Kansas College of Osteopathic Medicine,10
618,Universidad Peruana Cayetano Heredia,10
422,"School of Medical Sciences & Research (SMSR), Sharda University, Greater Noida",10
557,Keele University School of Medicine,10
260,Cleveland Clinic Lerner College of Medicine,10
2673,New York University,9
2693,University of Pennsylvania,9
582,Cardiff University School of Medicine,9
567,University of Nottingham Medical School,9
561,Leeds School of Medicine,9
148,"Dr. D. Y. Patil Medical College, Hospital & Research Centre, Kohlapur",9
300,Université de Montréal Faculté de Médecine,9
218,Memorial University of Newfoundland Faculty of Medicine,9
293,Dayanand Medical College,9
508,St. Martinus University Faculty of Medicine,9
298,Université Laval Faculté de Médecine,9
283,Jawaharlal Institute of Postgraduate Medical Education and Research,9
437,Deakin University School of Medicine,9
2594,Johns Hopkins University,8
1983,The Touro College and University System,8
529,International University of Barbados School of Medicine,8
371,"Mediciti Institute Of Medical Sciences, Ghanpur",8
294,"Government Medical College, Amritsar",8
304,James Cook University School of Medicine and Dentistry,8
468,"University of Notre Dame School of Medicine, Fremantle",8
2571,Florida International University,8
374,"Prathima Institute of Medical Sciences, Karimnagar",8
677,Universidad del Rosario School of Medicine and Health Sciences,8
622,Tec de Monterrey School of Medicine and Health Sciences,8
673,Tongji University School of Medicine,8
163,"Indira Gandhi Government Medical College, Nagpur",8
660,International American University College of Medicine,8
564,Liverpool Medical School,8
506,John F. Kennedy University School of Medicine,8
495,Universidad Autónoma de Santo Domingo Departamento de Medicina,8
346,University of Tasmania School of Medicine,8
297,"Punjab Institute of Medical Sciences, Jalandhar",8
558,Kent and Medway Medical School,7
384,Agartala Government Medical College,7
624,Barry University,7
442,Bankura Sammilani Medical College,7
324,Flinders University School of Medicine,7
373,Osmania Medical College,7
719,University of Auckland School of Medicine,7
2770,University of California Irvine,7
721,Touro University Nevada,7
562,Leicester Medical School,7
2787,University of Florida,7
584,Queen's University Belfast Medical School,7
355,Gandhi Medical College,7
488,Texila American University,7
2759,University of Alabama at Birmingham,7
348,Ayaan Institute of Medical Sciences,6
133,"All India Institute of Medical Science, Bhopal (AIIMS-Bhopal)",6
215,Western Sydney University,6
479,Université Notre Dame d'Haïti Faculté de Médecine,6
236,New York University Long Island School of Medicine,6
663,University of Santo Tomas Faculty of Medicine and Surgery,6
469,University of Western Australia School of Medicine,6
588,Narayana Medical College,6
350,"Chalmeda Anand Rao Institute of Medical Sciences, Karimnagar",6
3347,Mohammed Bin Rashid University,6
2779,University of California San Diego,6
338,"Madurai Medical College, Madurai",6
555,Hull York Medical School,6
581,University of St Andrews School of Medicine,6
570,Plymouth University Peninsula Schools of Medicine and Dentistry,6
1831,University of Newcastle,6
448,Diamond Harbour Government Medical College and Hospital,6
165,"King Edward Memorial Hospital and Seth Gordhandas Sunderdas Medical College, Parel, Mumbai",6
301,Université de Sherbrooke Faculté de Médecine et des Sciences de la Santé,6
769,University of Tartu School of Medicine,6
284,"Mahatma Gandhi Medical College & Research Institute, Kirumampakkam, Pondicherry",6
688,Wayne State University,5
376,"Rajiv Gandhi Institute of Medical Sciences, Adilabad",5
578,"University of Dundee, School of Medicine",5
100,"Government Medical College, Kottayam",5
49,University of Alberta Faculty of Medicine and Dentistry,5
342,"Stanley Medical College, Royapuram, Chennai",5
450,"Dr B C Roy Institute of Medical Sciences & Research, IIT Kharagpur",5
323,University of Adelaide Medical School,5
2769,University of California Davis,5
2504,Brown University,5
1740,University of Mississippi Medical Center,5
540,Metropolitan University College Of Medicine,5
1253,Broward College,5
1929,University of Nevada Las Vegas,5
602,University of Pretoria School of Medicine,5
336,"Kilpauk Medical College, Chetput",5
547,Bristol Medical School,5
2917,Western Governors University,5
2825,University of Texas at Austin,5
710,Jordan University of Science and Technology School of Medicine,5
2711,University of Southern California,5
875,Butler University College of Pharmacy and Health Sciences,5
370,"Mamata Medical College, Khammam",5
583,Swansea University Medical School,4
496,Universidad Católica Nordestana Facultad de Ciencias Medicas,4
426,AIIMS Rishikesh,4
170,"R.C.S.M. Govt Medical College and CPR Hospital, Kolhapur",4
2656,Northeastern University,4
2854,Western Michigan University,4
143,"Armed Forces Medical College, Pune",4
1584,Johns Hopkins Bloomberg School of Public Health,4
2576,Florida State University,4
2486,Arizona State University,4
707,Wake Forest University (Bowman Gray),4
711,Universidad San Martin de Porres Faculty of Medicine,4
430,"Swami Rama Himalayan University, Doiwala (adjacent to Jolly Grant/Dehradun Airport), Dehradun",4
2624,Liberty University,4
107,"Jubilee Mission Medical College and Research Institute, Thrissur",4
2542,Clemson University,4
712,University of Nebraska Medical Center,4
955,University of Texas at Austin College of Pharmacy,4
213,Vardhman Mahavir Medical College,4
835,California Northstate University College of Pharmacy,4
337,"Madras Medical College, Chennai",4
177,Jawaharlal Nehru Institute of Medical Sciences,4
554,University of Exeter Medical School,4
528,Bridgetown International University,4
2303,University of Houston Clear Lake,4
308,"Geetanjali Medical College, Udaipur",4
1541,Harvard University,4
1834,University of Wollongong,4
2591,Georgetown University,4
2679,Oklahoma State University,4
572,Sheffield Medical School,4
489,University of Guyana,4
2861,West Virginia University,3
577,University of Aberdeen School of Medicine,3
639,Mercer University,3
369,Mamata Academy of Medical Sciences,3
684,Cairo University KasrAlAiny School of Medicine,3
410,"King George's Medical University (KGMU), Lucknow, formerly known as Chhatrapati Shahuji Maharaj Medical University, Lucknow",3
120,"Sree Narayana Institute of Medical Sciences, Ernakulam",3
804,"University of North Texas Health Science Center, Fort Worth",3
142,"All India Institute of Medical Sciences, Nagpur",3
871,Roosevelt University College of Pharmacy,3
327,"Coimbatore Medical College, Coimbatore",3
211,Maulana Azad Medical College,3
2791,University of Illinois at Chicago,3
847,Western University of Health Sciences College of Pharmacy,3
815,Concordia University,3
574,University of Sunderland School of Medicine,3
2951,Chaminade University of Honolulu,3
292,"Christian Medical College, Ludhiana",3
539,Atlantic University School of Medicine,3
793,Christian Brothers University,3
1897,University of Nevada Reno,3
544,Anglia Ruskin School of Medicine,3
2159,University of Queensland,3
249,"Institute of Medical Sciences and Sum Hospital, Bhubaneswar",3
104,"Government Medical College, Thiruvananthapuram",3
523,Central America Health Sciences University Belize Medical College,3
487,Rajiv Gandhi University of Science and Technology School of Medicine,3
2227,Alamo Colleges,3
108,"Kannur Medical College, Kannur",3
121,"SUT Medical College, Thiruvananthapuram",3
2857,Wright State University,3
548,Brighton and Sussex Medical School,3
208,Army College of Medical Sciences,3
269,Northern Ontario School of Medicine,3
2819,University of South Dakota,3
306,"All India Institute of Medical Sciences, Jodhpur",3
112,"Malabar Medical College, Kozhikode",3
2821,University of South Florida,3
824,West Liberty University,3
969,Marshall University School of Pharmacy,3
359,"Government Medical College, Siddipet",3
2522,University of South Carolina,3
963,Virginia Commonwealth University School of Pharmacy,3
296,"Guru Gobind Singh Medical College, Faridkot",3
326,"Christian Medical College, Vellore",3
735,"Pace University, Lenox Hill Hospital",3
139,"Ruxmaniben Deepchand Gardi Medical College, Ujjain",3
2619,Lincoln Memorial University,3
451,"ESIC Medical College, Kolkata",3
363,"Kamineni Institute of Medical Sciences, Narketpally",3
934,"Lake Erie College of Osteopathic Medicine School of Pharmacy, Erie Campus",3
2554,Drexel University,3
2521,University of North Carolina at Chapel Hill,3
2456,West Virginia State University,3
2584,George Washington University,2
2622,Louisiana State University,2
2345,University of Texas Arlington,2
2574,Ferris State University,2
295,"Government Medical College, Patiala",2
666,Louisiana State University – New Orleans,2
2502,Bryn Mawr College,2
401,"Baba Raghav Das Medical College, Gorakhpur",2
568,Norwich Medical School,2
1657,Augsburg College,2
335,"Kanyakumari Government Medical College, Kanyakumari",2
2678,Old Dominion University,2
1873,Ross University,2
354,"Employees State Insurance Corporation Medical College, Sanathnagar",2
2230,Austin Community College District,2
484,Georgetown American University,2
2740,The College of New Jersey,2
1716,Missouri Southern State University,2
2839,Valdosta State University,2
144,"Ashwini Medical College Hospital, Solapur",2
685,College of Medicine Umm Al-Qura University,2
1312,University of Central Florida,2
576,Warwick Medical School,2
243,"All India Institute of Medical Sciences, Bhubaneswar",2
681,University of New England,2
652,Southern Illinois University,2
2768,University of Cincinnati,2
2765,University at Buffalo,2
743,"Touro College, Manhattan",2
175,"Terna Medical College, Navi Mumbai",2
536,Bay University School of Medicine,2
172,"Shri Bhausaheb Hire Government Medical College, Dhule",2
251,"Kalinga Institute of Medical Sciences, Bhubaneswar",2
229,Vinnytsia National Pirogov Medical University,2
2709,Rutgers University,2
927,University of Toledo College of Pharmacy & Pharmaceutical Sciences,2
307,"Dr. S.N. Medical College, Jodhpur",2
670,Boston University School of Medicine PA Program,2
403,"Government Medical College, Azamgarh",2
854,Larkin University College of Pharmacy,2
549,Brunel Medical School,2
870,Midwestern University Chicago College of Pharmacy,2
2754,University of Miami,2
931,Pacific University Oregon School of Pharmacy,2
903,Fred Wilson School of Pharmacy,2
2756,University of Utah,2
699,Duke University Medical Center,2
145,"B. J. Medical College, Pune",2
2177,Lander University,2
1366,Univeristy of Iowa,2
149,Dr. Panjabrao Deshmukh Memorial Medical College,2
1867,Princeton University,2
322,"Sikkim Manipal Institute of Medical Sciences, Gangtok",2
593,Midwestern University,2
805,"University of Texas Health Science Center, San Antonio",2
152,"Government Medical College & General Hospital, Baramati",2
361,"Kakatiya Medical College, Warangal",2
2514,Butler University,2
2758,University of Arkansas,2
509,Escuela Latinoamericana de Medicina,2
2023,Oberlin College and Conservatory,2
367,"Malla Reddy Institute of Medical Sciences, Hyderabad",2
441,"All India Institute of Medical Sciences, Kalyani",2
2629,George Mason University,2
2611,Kansas State University,2
626,Stellenbosch University Faculty of Medicine and Health Sciences,2
2910,University of Pikeville,2
592,Arizona School of Health Sciences,2
2815,University of South Alabama,2
477,Université Joseph Lafortune Faculté de Médecine,2
134,"Gajara Raja Medical College, Gwalior",2
758,"University of Oklahoma, Oklahoma City",2
844,University of California-San Francisco School of Pharmacy,2
486,Lincoln American University,2
377,"S.V.S Medical College, Mahbubnagar",2
458,"Medical College and Hospital, Kolkata",2
691,Mayo Clinic School of Health Sciences,2
1232,Trinity College,2
2844,Washington State University,2
331,"Government Vellore Medical College, Vellore",2
625,Taif University College of Medicine,2
1741,William Carey University,2
801,Texas Tech University Health Sciences Center,2
2633,Massachusetts Institute of Technology,2
246,"Government Medical College and Hospital, Sundargarh",2
2226,Abilene Christian University,1
1369,University of Hawaiʻi at Mānoa,1
470,Curtin University Curtin Medical School,1
1378,Benedictine University,1
573,Southampton Medical School,1
762,Pacific University,1
1693,A.T. Still University,1
353,Dr. VRK Womens Medical College,1
512,Facultad de Ciencias Medicas Las Tunas,1
248,"Hi-Tech Medical College, Rourkela",1
2299,Trinity University,1
599,Dominican University of California,1
2809,University of North Texas,1
444,Calcutta National Medical College,1
2741,Texas Christian University,1
2837,Virginia Commonwealth University,1
167,"Maharashtra Institute of Medical Education and Research (MIMER), Talegaon, Pune",1
655,University of Aleppo,1
1938,Lehman College,1
690,College of St. Scholastica,1
517,Instituto Superior de Ciencias Medicas de Santiago de Cuba,1
862,Philadelphia College of Osteopathic Medicine School of Pharmacy–Georgia Campus,1
147,"Bharati Vidyapeeth Deemed University Medical College and Hospital, Sangli",1
501,"Universidad Tecnológica de Santiago Escuela de Medicina, Santiago de Los Caballeros",1
2813,University of Rochester,1
2302,Texas A&M University Corpus Christi,1
716,Monmouth University,1
939,University of Puerto Rico School of Pharmacy,1
510,Facultad de Ciencias Medicas Cienfuegos,1
693,Stephens College,1
695,Mississippi College,1
2694,University of Pittsburgh,1
819,Marshall University,1
2167,University of Adelaide,1
2863,Youngstown State University,1
2702,Quinnipiac University,1
532,Victoria University of Barbados,1
455,Jagannath Gupta Institute of Medical Sciences and Hospital,1
2246,Baylor University,1
2150,Widener University,1
2636,Mississippi State University,1
358,"Government Medical College, Nizamabad",1
411,"Lala Lajpat Rai Memorial Medical College, Meerut",1
101,"Government Medical College, Kozhikode",1
2792,University of Kentucky,1
2722,Saint Louis University,1
343,"Thanjavur Medical College, Thanjavur",1
634,"South University, Tampa",1
2654,University of Notre Dame,1
400,"All India Institute of Medical Sciences, Raebareli",1
159,"Government Medical College, Miraj",1
785,Bryant University,1
2669,Norwich University,1
415,"Muzaffarnagar Medical College, Muzaffarnagar",1
754,University of Capecoast School of Medical Sciences,1
164,"K. J. Somaiya Medical College & Research Centre, Mumbai",1
158,"Government Medical College, Latur",1
2488,Adelphi University,1
339,"Mohan Kumaramangalam Medical College, Salem, Tamil Nadu",1
867,University of Iowa College of Pharmacy,1
2348,University of Texas at El Paso,1
616,"Ivane Javakhishvili Tbilisi State University, Faculty of Medicine",1
258,"Veer Surendra Sai Institute of Medical Sciences and Research, Burla, Sambalpur",1
781,"Thomas Jefferson University, Center City Campus",1
2540,California State University Sacramento,1
615,University of Colorado,1
2990,Hunter College,1
766,Northeastern State University,1
311,"Jhalawar Medical College, Jhalawar",1
600,Loma Linda University,1
171,"Rajiv Gandhi Medical College, Kalwa, Thane",1
352,Dr. Patnam Mahender Reddy Institute of Medical Sciences,1
812,University of Lynchburg,1
150,"Dr. Shankarrao Chavan Government Medical College, Nanded",1
378,Shadan Institute of Medical Sciences,1
291,"All India Institute of Medical Sciences, Bathinda",1
209,Atal Bihari Vajpayee Institute of Medical Sciences,1
2903,University of Alaska Anchorage,1
1533,Elms College,1
1813,University of North Carolina Greensboro,1
736,Al-Balqaʼ Applied University,1
650,Rosalind Franklin Univ of Medicine (formerly Finch),1
553,"Edge Hill University Faculty of Health, Social Care & Medicine",1
1531,The University of Louisville,1
2436,University of Wisconsin La Crosse,1
137,"Netaji Subhash Chandra Bose Medical College, Jabalpur",1
1851,Bergen Community College,1
2776,University of Connecticut,1
285,Pondicherry Institute of Medical Sciences,1
2924,University of Maryland Baltimore County,1
843,University of California-Irvine School of Pharmacy and Pharmaceutical Sciences,1
560,Lancaster Medical School,1
169,"Mahatma Gandhi Institute of Medical Sciences, Wardha",1
2556,Duquesne University,1
914,Albany College of Pharmacy,1
727,Daemen College,1
344,"Thoothukudi Medical College, Thoothukudi",1
2312,University of the Incarnate Word,1
2281,Saint Edward’s University,1
2777,University of California Riverside,1
518,Instituto Superior de Ciencias Medicas de Villa Clara,1
2788,University of Georgia,1
788,Medical University of South Carolina,1
217,Macquarie University School of Medicine,1
2517,California Baptist University,1
2871,California University of Pennsylvania,1
3043,Regis College (Massachusetts),1
407,"Jawaharlal Nehru Medical College, Aligarh Muslim University, Aligarh",1
419,"Santosh Medical college, Ghaziabad",1
480,Université Quisqueya Faculté des Sciences de la Santé,1
858,Nova Southeastern University College of Pharmacy,1
429,"Shri Guru Ram Rai Institute of Medical & Health Sciences, Patel Nagar, Dehradun",1
541,University of Health Sciences Antigua School of Medicine,1
1513,LSU Health Sciences Center – New Orleans,1
247,"Hi-Tech Medical College & Hospital, Bhubaneswar",1
2731,Shenandoah University,1
162,"Hinduhridaysamrat Balasaheb Thackeray Medical College and Dr. R. N. Cooper Municipal General Hospital, Juhu, Mumbai",1
1523,Boston Architectural College,1
266,OU-TU School of Community Medicine,1
590,Harding University,1
313,Rabindranath Tagore Medical College,1
493,"O&Med Medical School, Escuela de Medicina de la Universidad Dominicana O&M",1
244,"Bhima Bhoi Medical College and Hospital, Balangir",1
176,"Topiwala National Medical College and B.Y.L. Nair Charitable Hospital, Mumbai",1
2037,Walsh University,1
971,West Virginia University School of Pharmacy,1
420,"Saraswati Medical College, Hapur, Uttar Pradesh",1
603,Samuel Merritt University,1
1757,The University of Mississippi,1
617,Sacred Heart University,1
2485,Appalachian State University,1
627,Gannon University-Ruskin,1
1559,Simmons College,1
833,American University of Health Sciences,1
2102,Geneva College,1
385,Tripura Medical College & Dr. B.R. Ambedkar Memorial Teaching Hospital,1
1011,University of Arkansas for Medical Sciences,1
734,"Pace University, Pleasantville",1
611,Western University of Health Sciences,1
702,High Point University,1
697,Rocky Mountain College,1
456,KPC Medical College and Hospital,1
664,"University of the Cumberlands, Northern Kentucky Campus",1
447,Coochbehar Government Medical College and Hospital,1
